{
    "content": [
        {
            "path": "manifest.json"
        },
        {
            "path": "recipes/reducer_andesite_slab.json"
        },
        {
            "path": "recipes/reducer_andesite_slab_polished.json"
        },
        {
            "path": "recipes/reducer_cobblestone_slab_mossy.json"
        },
        {
            "path": "recipes/reducer_diorite_slab.json"
        },
        {
            "path": "recipes/reducer_diorite_slab_polished.json"
        },
        {
            "path": "recipes/reducer_granite_slab.json"
        },
        {
            "path": "recipes/reducer_granite_slab_polished.json"
        },
        {
            "path": "recipes/reducer_quartz_slab_smooth.json"
        },
        {
            "path": "recipes/reducer_sandstone_slab_cut.json"
        },
        {
            "path": "recipes/reducer_sandstone_slab_cut_red.json"
        },
        {
            "path": "recipes/reducer_sandstone_slab_red.json"
        },
        {
            "path": "recipes/reducer_sandstone_slab_smooth.json"
        },
        {
            "path": "recipes/reducer_sandstone_slab_smooth_red.json"
        }
    ]
}
