{
    "content": [
        {
            "path": "manifest.json"
        },
        {
            "path": "worldgen/metadata/jigsawstructure_metadata_registry.dat"
        },
        {
            "path": "worldgen/processors/trail_ruins_houses_archaeology.json"
        },
        {
            "path": "worldgen/processors/trail_ruins_roads_archaeology.json"
        },
        {
            "path": "worldgen/processors/trail_ruins_tower_top_archaeology.json"
        },
        {
            "path": "worldgen/structures/trail_ruins.json"
        },
        {
            "path": "worldgen/structure_sets/trail_ruins.json"
        },
        {
            "path": "worldgen/template_pools/trail_ruins/buildings.json"
        },
        {
            "path": "worldgen/template_pools/trail_ruins/decor.json"
        },
        {
            "path": "worldgen/template_pools/trail_ruins/roads.json"
        },
        {
            "path": "worldgen/template_pools/trail_ruins/tower.json"
        },
        {
            "path": "worldgen/template_pools/trail_ruins/buildings/grouped.json"
        },
        {
            "path": "worldgen/template_pools/trail_ruins/tower/additions.json"
        },
        {
            "path": "worldgen/template_pools/trail_ruins/tower/tower_top.json"
        }
    ]
}
