{
  "format_version": "1.21.110",
  "minecraft:biome": {
    "description": {
      "identifier": "minecraft:birch_forest_hills"
    },
    "components": {
      "minecraft:climate": {
        "downfall": 0.6,
        "snow_accumulation": [ 0.0, 0.125 ],
        "temperature": 0.6
      },
      "minecraft:overworld_height": {
        "noise_type": "mountains"
      },
      "minecraft:surface_builder": {
        "builder": {
          "type": "minecraft:overworld",
          "sea_floor_depth": 7,
          "sea_floor_material": "minecraft:gravel",
          "foundation_material": "minecraft:stone",
          "mid_material": "minecraft:dirt",
          "top_material": "minecraft:grass_block",
          "sea_material": "minecraft:water"
        }
      },
      "minecraft:overworld_generation_rules": {
        "mutate_transformation": "minecraft:birch_forest_hills_mutated"
      },

      "minecraft:tags": {
        "tags": [
          "animal",
          "birch",
          "forest",
          "hills",
          "monster",
          "overworld",
          "bee_habitat"
        ]
      }
    }
  }
}
