{
    "content": [
        {
            "path": "manifest.json"
        },
        {
            "path": "loot_tables/chests/abandoned_mineshaft.json"
        },
        {
            "path": "loot_tables/chests/ancient_city.json"
        },
        {
            "path": "loot_tables/chests/desert_pyramid.json"
        },
        {
            "path": "loot_tables/chests/jungle_temple.json"
        },
        {
            "path": "loot_tables/chests/pillager_outpost.json"
        },
        {
            "path": "trading/economy_trades/armorer_trades.json"
        },
        {
            "path": "trading/economy_trades/librarian_trades.json"
        }
    ]
}
